null,null,null,null,null,null,null,null,null,null,
null,null,null,null,null,null,null,null,null,null,
null,null,null,null,null,null,null,null,null,null,
null,null,null,null,null,null,null,null,null,null,
null,null,null,null,null,null,null,null,null,null,
null,null,null,null,null,null,null,null,null,null,
null,null,null,null,null,null,null,null,null,null,
null,null,null,null,null,null,null,null,null,null,
null,null,null,null,null,null,null,null,null,null,
null,null,null,null,null,null,null,null,null,null,
null,null,null,null,null,null,null,null,null,null,
null,null,null,null,null,null,null,null,null,null,
null,null,null,null,null,null,null,null,null,null,
null,null,null,null,null,null,null,null,null,null,
null,null,null,null,null,null,null,null,null,null,
null,null,null,null,null,null,null,null,null,null,
null,null,null,null,null,null,null,null,null,null,
null,null,null,null,null,null,null,0;255;255,null,null,
null,0;255;0,0;255;0,null,null,null,null,0;255;255,null,null,
0;255;0,0;255;0,255;200;0,null,null,0;255;0,null,0;255;255,null,255;0;255,
